review_only,owner_character_id,edge_id,source_character_id,target_character_id,kind,family,directionality,origin,review,lock,freshness,confidence,active_on,valid_from,valid_to,affinity_score_micros,consent_state,evidence_count,rationale
true,org.weave.character.ari_vale,mentor_ari_sable,org.weave.character.ari_vale,org.weave.character.sable_reed,org.weave.relationship.mentor,mentorship,directed,imported,accepted,unlocked,current,high,true,,,,,0,Authored only for the public synthetic relationship fixture.
true,org.weave.character.ari_vale,edge_d710aa7f64598e0fc9630ec2,org.weave.character.ari_vale,org.weave.character.sable_reed,org.weave.relationship.partner,partnership,symmetric,authored,accepted,locked,current,low,true,'+002035-01-01,,1000000,,4,"Exercise the explicit, retained author-exception path for a wholly synthetic fictional fixture."
true,org.weave.character.ari_vale,edge_cc937c7da2a1d42c8f679520,org.weave.character.ari_vale,org.weave.character.sable_reed,org.weave.relationship.shared_affinity,affinity,symmetric,computed_affinity,accepted,locked,current,moderate,true,'+002035-01-01,,1000000,,4,Retain this transparent computed prompt as a reviewed optional edge.
true,org.weave.character.ari_vale,friend_ari_tavi,org.weave.character.ari_vale,org.weave.character.tavi_quill,org.weave.relationship.friend,friendship,symmetric,authored,not_required,unlocked,current,high,true,,,,,0,Authored only for the public synthetic relationship fixture.
true,org.weave.character.ari_vale,edge_7959e7517f934a611e44efcd,org.weave.character.ari_vale,org.weave.character.tavi_quill,org.weave.relationship.shared_affinity,affinity,symmetric,computed_affinity,accepted,unlocked,current,moderate,true,'+002035-01-01,,750000,,4,Edit metadata while preserving the exact proposed topology and evidence trace.
true,org.weave.character.sable_reed,parent_sable_tavi,org.weave.character.sable_reed,org.weave.character.tavi_quill,org.weave.relationship.parent_of,kinship,inverse_paired:org.weave.relationship.child_of,authored,not_required,unlocked,current,high,true,,,,,0,Authored only for the public synthetic relationship fixture.
true,org.weave.character.sable_reed,edge_19e511af7ae83c216826d23a,org.weave.character.sable_reed,org.weave.character.tavi_quill,org.weave.relationship.shared_affinity,affinity,symmetric,authored,accepted,locked,current,high,true,'+002035-01-01,,750000,,4,Override proposal metadata without claiming that the computed score is objective truth.
true,org.weave.character.tavi_quill,edge_f4df5e547f960e375d64ad42,org.weave.character.tavi_quill,org.weave.character.ari_vale,org.weave.relationship.mentor,mentorship,directed,reviewed_suggestion,accepted,unlocked,current,moderate,true,'+002035-01-01,,750000,,4,Accept one optional narrative suggestion after explicit human review.
true,org.weave.character.tavi_quill,child_tavi_sable,org.weave.character.tavi_quill,org.weave.character.sable_reed,org.weave.relationship.child_of,kinship,inverse_paired:org.weave.relationship.parent_of,authored,not_required,unlocked,current,high,true,,,,,0,Authored only for the public synthetic relationship fixture.
